{
  "nodes": [
    {
      "id": 0,
      "x": -8.63062,
      "y": 41.159744999999994,
      "is_depot": true
    },
    {
      "id": 1,
      "x": -8.620659999999999,
      "y": 41.170639,
      "demand": 200,
      "time_window": [
        28800,
        39600
      ]
    },
    {
      "id": 2,
      "x": -8.64004,
      "y": 41.149558
    },
    {
      "id": 10,
      "x": -8.635465,
      "y": 41.154031,
      "is_charging_station": true,
      "charger_power_kw": 50
    }
  ],
  "vehicles": [
    {
      "id": 1,
      "capacity": 542,
      "battery_kwh": 70,
      "start_node": 0,
      "end_node": 0
    }
  ],
  "algorithm": "tabu_search"
}