{
  "nodes": [
    {
      "id": 0,
      "x": -8.630245,
      "y": 41.160408,
      "is_depot": true
    },
    {
      "id": 1,
      "x": -8.62056,
      "y": 41.169250000000005,
      "demand": 200,
      "time_window": [
        28800,
        39600
      ],
      "service_time": 300
    },
    {
      "id": 2,
      "x": -8.639249000000001,
      "y": 41.149754,
      "demand": 150,
      "time_window": [
        32400,
        45000
      ],
      "service_time": 300
    },
    {
      "id": 10,
      "x": -8.634412,
      "y": 41.154892000000004,
      "is_charging_station": true,
      "charger_power_kw": 50
    }
  ],
  "vehicles": [
    {
      "id": 1,
      "capacity": 484,
      "battery_kwh": 70,
      "start_node": 0,
      "end_node": 0,
      "speed_kph": 40
    }
  ],
  "algorithm": "tabu_search"
}