{
  "nodes": [
    {
      "id": 0,
      "x": -8.630618,
      "y": 41.160377,
      "is_depot": true
    },
    {
      "id": 1,
      "x": -8.619323,
      "y": 41.169292,
      "demand": 200,
      "time_window": [
        28800,
        39600
      ],
      "service_time": 300
    },
    {
      "id": 2,
      "x": -8.640521000000001,
      "y": 41.150453,
      "demand": 150
    },
    {
      "id": 10,
      "x": -8.63557,
      "y": 41.15417,
      "is_charging_station": true,
      "charger_power_kw": 50
    }
  ],
  "vehicles": [
    {
      "id": 1,
      "capacity": 542,
      "start_node": 0,
      "end_node": 0
    }
  ],
  "algorithm": "tabu_search"
}