{
  "nodes": [
    {
      "id": 0,
      "x": -8.629134,
      "y": 41.160951999999995,
      "is_depot": true
    },
    {
      "id": 1,
      "x": -8.620451,
      "y": 41.170649000000004,
      "demand": 200,
      "service_time": 300
    },
    {
      "id": 2,
      "x": -8.639610000000001,
      "y": 41.149675,
      "demand": 150
    },
    {
      "id": 10,
      "x": -8.63503,
      "y": 41.154454,
      "is_charging_station": true,
      "charger_power_kw": 50
    }
  ],
  "vehicles": [
    {
      "id": 1,
      "capacity": 529,
      "battery_kwh": 70,
      "start_node": 0,
      "end_node": 0,
      "speed_kph": 40
    }
  ],
  "algorithm": "tabu_search"
}