{
  "nodes": [
    {
      "id": 0,
      "x": -8.630584,
      "y": 41.160399999999996,
      "is_depot": true
    },
    {
      "id": 1,
      "x": -8.620752,
      "y": 41.169569,
      "service_time": 300
    },
    {
      "id": 2,
      "x": -8.640030000000001,
      "y": 41.149164999999996,
      "demand": 150,
      "time_window": [
        32400,
        45000
      ],
      "service_time": 300
    },
    {
      "id": 10,
      "x": -8.635398,
      "y": 41.154677,
      "is_charging_station": true,
      "charger_power_kw": 50
    }
  ],
  "vehicles": [
    {
      "id": 1,
      "capacity": 510,
      "start_node": 0,
      "end_node": 0
    }
  ],
  "energy_matrix": [
    [
      0,
      2.1,
      1.8,
      0.5
    ],
    [
      2.1,
      0,
      3.0,
      1.2
    ],
    [
      1.8,
      3.0,
      0,
      1.0
    ],
    [
      0.5,
      1.2,
      1.0,
      0
    ]
  ],
  "travel_time_matrix": [
    [
      0,
      780,
      690,
      180
    ],
    [
      780,
      0,
      1080,
      420
    ],
    [
      690,
      1080,
      0,
      360
    ],
    [
      180,
      420,
      360,
      0
    ]
  ],
  "config": {
    "time_limit": 60,
    "tabu_tenure": 15
  },
  "algorithm": "tabu_search"
}