{
  "nodes": [
    {
      "id": 0,
      "x": -8.630416,
      "y": 41.159955,
      "is_depot": true
    },
    {
      "id": 1,
      "x": -8.619769,
      "y": 41.169702,
      "time_window": [
        28800,
        39600
      ],
      "service_time": 300
    },
    {
      "id": 2,
      "x": -8.640294,
      "y": 41.150850999999996,
      "demand": 150
    },
    {
      "id": 10,
      "x": -8.63561,
      "y": 41.155334,
      "is_charging_station": true,
      "charger_power_kw": 50
    }
  ],
  "vehicles": [
    {
      "id": 1,
      "capacity": 533,
      "battery_kwh": 70,
      "start_node": 0,
      "end_node": 0
    }
  ],
  "energy_matrix": [
    [
      0,
      2.1,
      1.8,
      0.5
    ],
    [
      2.1,
      0,
      3.0,
      1.2
    ],
    [
      1.8,
      3.0,
      0,
      1.0
    ],
    [
      0.5,
      1.2,
      1.0,
      0
    ]
  ],
  "travel_time_matrix": [
    [
      0,
      780,
      690,
      180
    ],
    [
      780,
      0,
      1080,
      420
    ],
    [
      690,
      1080,
      0,
      360
    ],
    [
      180,
      420,
      360,
      0
    ]
  ],
  "config": {
    "time_limit": 60,
    "tabu_tenure": 15
  },
  "algorithm": "tabu_search"
}